id,任务id,任务名,类型,阶段,阶段名,说明,条件,物品id,数量,目标npcId,坐标X,坐标Y,坐标Z,到达半径,对话id,接取加标记,完成加标记,打标记,奖励物品,动作,动作目标npcId,动作参数,自动接取,前置任务id,等待秒,动作速度,镜头时长,镜头高度,台词,说话人,情绪,情绪强度,场景名,淡入档数,淡出档数,打字速度,引导npcId,引导坐标,引导地点名,引导场景,奖励贡献
q_main_003_1,q_main_003,屋后的小树林,主线,1,去屋后的小树林看看,小梅说你家后面的林子里有奇怪的声音。,无,,,,,,,,,,,,,,,,0,,,,,,,,,,,,,,,,,,
q_main_003_2,q_main_003,屋后的小树林,主线,2,（什么东西在那？）,林子里钻出一头野猪。,等待秒数,,,,49.000,1.000,-1.000,,,,,,,生成NPC,,NPC/Demon/YeZhu/YeZhu,0,,1.5,,,,,,,,,,,,,,,,
q_main_003_3,q_main_003,屋后的小树林,主线,3,镜头推过去,,等待秒数,,,,,,,,,,,,,镜头看目标,demon_yezhu_01,,0,,1.2,,1.2,1.6,,,,,,,,,,,,,
q_main_003_4,q_main_003,屋后的小树林,主线,4,镜头回到主角,,等待秒数,,,,,,,,,,,,,镜头回玩家,,,0,,1.5,,1.2,1.6,,,,,,,,,,,,,
q_main_003_5,q_main_003,屋后的小树林,主线,5,主角惊叫,,无,,,,,,,,,,,,,播放对话,,,0,,,,,,啊啊啊是妖怪！救命啊,主角,震动,1,,,,,,,,,
q_main_003_6,q_main_003,屋后的小树林,主线,6,野猪扑上来,,等待秒数,,,,,,,,,,,,,攻击玩家,demon_yezhu_01,,0,,1,,,,,,,,,,,,,,,,
q_main_003_7,q_main_003,屋后的小树林,主线,7,有人来了,,等待秒数,,,,56.000,33.000,43.000,,,,,,,生成NPC,,NPC/Human/大师兄/大师兄,0,,5,,,,,,,,,,,,,,,,
q_main_003_8,q_main_003,屋后的小树林,主线,8,大师兄御风而来,,等待秒数,,,,49.000,2.500,-1.000,,,,,,,飞到,npc_dashixiong,Yufeng_Forward,0,,8.2,7,,,,,,,,,,,,,,,
q_main_003_9,q_main_003,屋后的小树林,主线,9,白屏一闪,,等待秒数,,,,,,,,,,,,,闪白,,,0,,0.4,,,,,,,,,,,,,,,,
q_main_003_10,q_main_003,屋后的小树林,主线,10,一刀斩妖,,等待秒数,,,,,,,,,,,,,处决,demon_yezhu_01,,0,,0.3,,,,,,,,,,,,,,,,
q_main_003_11,q_main_003,屋后的小树林,主线,11,大师兄收招,,等待秒数,,,,,,,,,,,,,播动画,npc_dashixiong,Yufeng_Idle,0,,0.6,,,,,,,,,,,,,,,,
q_main_003_12,q_main_003,屋后的小树林,主线,12,与大师兄交谈,这位仙人似乎有话要对你说（走近按 F）。,对话,,,,,,,,dlg_act3_dashi_1,q_主线_招募中,,,,,,,0,,,,,,,,,,,,,,,,,,
q_main_003_13,q_main_003,屋后的小树林,主线,13,料理好凡尘之事后和大师兄对话,点「仙人，我准备好了」。,对话,,,,,,,,dlg_act3_dashi_21,q_主线_可启程,,,,,,,0,,,,,,,,,,,,,,,,,,
q_main_002_1,q_main_002,清早的问候,主线,1,去找小梅问问,胖叔说小梅在找你，去和她说句话。,对话,,,,,,,,dlg_act2_xiaomei_3,q_主线_找小梅中,q_xiaomei_done,,,,,,0,,,,,,,,,,,,,,,,,,
q_main_002_2,q_main_002,清早的问候,主线,2,查看木屋后,小梅说木屋后的林子里有奇怪的声音，去那边看看。,到达,,,,37,0,11,8,,,,,,,,,0,,,,,,,,,,,,,,,37;0;11,木屋后,village,
q_main_003_14,q_main_003,屋后的小树林,主线,14,启程赴宗,大师兄要带你回宗门了。,无,,,,,,,,,,,,,接取任务,,q_main_004,0,,,,,,,,,,,,,,,,,,
q_main_004_1,q_main_004,拜入太虚宗,主线,1,踏上修仙路,,等待秒数,,,,,,,,,,,,,无,,,0,,2,,,,,,,,,,,,,,,,
q_main_004_2,q_main_004,拜入太虚宗,主线,2,辞别仙人,,无,,,,,,,,,,,,,,,,0,,,,,,,,,,,,,,,,,,
q_main_004_3,q_main_004,拜入太虚宗,主线,3,从此踏上修仙路,,黑幕落下完成,,,,,,,,,,q_主线_在宗门,q_主线_在宗门,,黑幕字幕,,,0,,0,,,,从此，一个平凡的少年踏上了修仙路,,,,,24,24,9,,,,,
q_main_004_4,q_main_004,拜入太虚宗,主线,4,启程赴宗,,无,,,,22.069,-0.685,-3.794,,,,,,,切换场景,,,0,,,,,,,,,,Sect,,,,,,,,
q_main_004_5,q_main_004,拜入太虚宗,主线,5,大师兄同行,,落点结束,,,,24.069,-0.685,-5.294,,,,,,,生成NPC,,NPC/Human/大师兄/大师兄,0,,,,,,,,,,,,,,,,,,
q_main_004_6,q_main_004,拜入太虚宗,主线,6,大师兄御风悬停,,等待秒数,,,,,,,,,,,,,播动画,npc_dashixiong,Yufeng_Idle,0,,0.5,,,,,,,,,,,,,,,,
q_main_004_7,q_main_004,拜入太虚宗,主线,7,师兄引路,,等待秒数,,,,,,,,,,,,,播放对话,,,0,,,,,,这就是我们太虚宗了，你先在此等候，我去禀报师尊|哦对了，这是我们门派的便服，你先穿上吧。,大师兄,,,,,,,,,,,
q_main_004_8,q_main_004,拜入太虚宗,主线,8,赠门派便服,,无,,,,,,,,,,,,,无,,,0,,,,,,,大师兄,,,,,,,,,,,
q_main_004_9,q_main_004,拜入太虚宗,主线,9,获得门派便服,,无,,,,,,,,,,,,item_menpai_bianfu:1,,,,0,,,,,,,,,,,,,,,,,,
q_main_004_10,q_main_004,拜入太虚宗,主线,10,师兄去禀报,,等待秒数,,,,-48.000,-0.685,19.000,,,,,,,飞到,npc_dashixiong,Yufeng_Forward,0,,1,10,,,,,,,,,,,,,,,
q_main_004_11,q_main_004,拜入太虚宗,主线,11,等候大师兄禀报,大师兄去为你禀报入门之事，稍等片刻。,等待秒数,,,,,,,,,,,,,,,,0,,25,,,,,,,,,,,,,,,,
q_main_004_12,q_main_004,拜入太虚宗,主线,12,大师兄回来了,,无,,,,0,0,0,,,,,,,飞到,npc_dashixiong,Yufeng_Forward,0,,,10,,,,,,,,,,,,,,,
q_main_004_13,q_main_004,拜入太虚宗,主线,13,大师兄到位,,NPC到位,,,npc_dashixiong,0,0,0,,,,,,,无,npc_dashixiong,,0,,,,,,,,,,,,,,,,,,
q_main_004_14,q_main_004,拜入太虚宗,主线,14,大师兄回话,,对话,,,,,,,,dlg_act4_dashi_return,,,,,无,,,0,,,,,,师父已经答应收你为徒了，我这就带你去你的洞府。,大师兄,,,,,,,,,,,
q_main_004_15,q_main_004,拜入太虚宗,主线,15,跟上大师兄,,等待秒数,,,,-18.23,0,23.5,,,,,,,飞到,npc_dashixiong,Yufeng_Forward,0,,0.5,8,,,,,,,,,,,,-18.23;0.5;27.54,洞府传送点,Sect,
q_main_004_16,q_main_004,拜入太虚宗,主线,16,引导使用传送点,大师兄停在传送点旁交代洞府的事,对话,,,,,,,,dlg_act4_dongfu_guide,q_主线_到洞府,,,,,,,0,,,,,,,,,,,,,,,,,,
q_main_004_17,q_main_004,拜入太虚宗,主线,17,前往个人洞府,从这道光进去，就是你的洞府。,在场景,,,,,,,,,,,,,,,,0,,,,,,,,,,3C_Testbed,,,,,-18.23;0.5;27.54,洞府传送点,Sect,


q_main_004_18,q_main_004,拜入太虚宗,主线,18,师兄在洞府,大师兄已经在洞府里等你了。,无,,,,-6.2,0,-8.8,,,,q_主线_灵田已解锁,,,确保NPC,npc_dashixiong,NPC/Human/大师兄/大师兄,,,,,,,,,,,,,,,,,,,
q_main_004_19,q_main_004,拜入太虚宗,主线,19,听师兄交代,大师兄有话要交代。,等待秒数,,,,,,,,,,,,,无,,,,,0.6,,,,,,,,,,,,,,,,
q_main_004_20,q_main_004,拜入太虚宗,主线,20,传你灵植心法,大师兄把灵植培育心法传给你。,等待秒数,,,,,,,,,,,,item_lingtian_kaituo:4|item_seed_shengling:5|item_seed_ninglu:3,播放对话,,,,,0.5,,,,这片后山，往后就是你的本命之地。|宗门弟子修行，根基在自给自足——灵石、灵药，皆出于此。|灵田不是白来的：拿这枚灵田开拓令，在洞府里挑块空地，自己开一块出来。|在背包里用它，就会进摆放状态——鼠标上浮起一块半透明的田，按 R 转朝向，左键落下。|落下的地便是你的，走近按 F 就能下种；灵草长成自会留着，不必时时看着。|我留些灵种与开垦令与你，每日打理片刻即可，莫要误了修行。,大师兄,,,,,,,,,,,
q_main_004_21,q_main_004,拜入太虚宗,主线,21,开一块田，种下第一颗种子,在背包里用「灵田开拓令」摆下一块地，走近按 F 种下第一颗种子。,灵田已种植,,1,,,,,,,,q_主线_灵田已开启,,,,,,,,,,,,,,,,,,,,,,,,
q_main_004_22,q_main_004,拜入太虚宗,主线,22,灵田已开,灵草可炼丹，可炼器。改日大师兄再教你。,无,,,,,,,,,,q_主线_待炼器炼丹,,,播放对话,,,,,,,,,灵草成熟，便可拿去炼丹、炼器。|这些门道，改日我再教你。,大师兄,,,,,,,,,,,20
q_main_004_23,q_main_004,拜入太虚宗,主线,23,次日清晨,过了一夜，大师兄如约前来。,等待秒数,,,,,,,,,,q_主线_次日,,,推进天数,,,,,1,,,,翌日，太虚宗,,,,,24,24,,,,,,
q_main_004_24,q_main_004,拜入太虚宗,主线,24,带你去看丹房,大师兄带你熟悉宗门炼丹阁。,等待秒数,,,,,,,,,,丹方_item_dan_juqi;丹方_item_dan_qingzhang;丹方_item_dan_yushang;丹方_item_huichundan,,item_shenglingcao:6|item_ningluhua:6|item_huichuncao:4,播放对话,,,,,0.5,,,,小师弟，醒了？|今日带你去认认丹房——你灵田里那些灵草，往后都要送到这里来。|炼丹要一味主材、几味辅材，还要耗你自己的灵气。|同一炉丹，品数越高越难成，耗的灵气也多。|我把这几张一阶丹方留给你，剩下的，你自己摸索。,大师兄,,,,,,,,,,,
q_main_004_25,q_main_004,拜入太虚宗,主线,25,翌日启程,黑幕之后大师兄引你往宗门丹房去。,黑幕落下完成,,,,,,,,,,,,,黑幕字幕,,,,,,,,,大师兄引你往丹房去,,,,,24,24,,,,,,
q_main_004_26,q_main_004,拜入太虚宗,主线,26,到宗门丹房,黑幕之后直接落在宗门丹房外。,无,,,,0,3.5,14,,,,,,,切换场景,,,,,,,,,,,,,Sect,,,,,,,,
q_main_004_27,q_main_004,拜入太虚宗,主线,27,走近丹房,丹房就在前面——走近按 F，打开丹炉，炼成任意一种丹药（哪一味都行）。,炼过丹,,1,,-5.27,3.26,24.23,,,,q_主线_丹房已解锁,,,,,,,,,,,,,,,,,,,,,-5.27;3.26;24.23,宗门炼丹阁,Sect,30
q_main_004_28,q_main_004,拜入太虚宗,主线,28,回洞府,回洞府去，师父在那里等你。,在场景,,,,,,,,,q_主线_待师父,q_主线_回洞府,,,,,,,,,,,,,,,,3C_Testbed,,,,,-18.23;0.5;27.54,洞府传送点,Sect,
q_main_004_29,q_main_004,拜入太虚宗,主线,29,踏进洞府,师父应当快到了。,无,,,,,,,,,,,,,,,,,,,,,,,,,,,,,,,,,,
q_main_004_30,q_main_004,拜入太虚宗,主线,30,师父现身,师父现身洞府。,等待秒数,,,,0,0.02,2.5,,,,,,,生成NPC,,NPC/Human/太虚宗掌门/太虚宗掌门,,,1.5,,,,,,,,,,,,,,,,
q_main_004_31,q_main_004,拜入太虚宗,主线,31,师父御风,师父踏风而来。,等待秒数,,,,,,,,,,,,,飞到,npc_shifu,Yufeng_Forward,,,0.4,6,,,,,,,,,,,,,,,
q_main_004_32,q_main_004,拜入太虚宗,主线,32,师父讲塔,师父说起了后山那座塔。,等待秒数,,,,,,,,,,,,,播放对话,,,,,0.5,,,,你来了。|宗门后山那座塔，名为镇妖塔，是上古传下来的秘境。|塔中封印着历代宗门镇压的妖兽、残魂，一层深过一层。|层数越高，妖物越强，蕴藏的灵气、内丹、矿石也越厚。,师父,,,,,,,,,,,
q_main_004_33,q_main_004,拜入太虚宗,主线,33,师父的规矩,量力而行，打不过就退出来。,等待秒数,,,,,,,,,,q_主线_塔已讲解,,,播放对话,,,,,0.5,,,,规矩只有一条：量力而行。|打不过就退出来，没人会笑你。|去吧——从洞府那道光出去，宗门广场西侧就是塔门。,师父,,,,,,,,,,,
q_main_004_34,q_main_004,拜入太虚宗,主线,34,出洞府,从洞府那道光出去，回到宗门。,到达,,,,-7.96,0,-11.28,4,,,,,,,,,,,,,,,,,,,,,,,,-7.96;0;-11.28,洞府传送点,3C_Testbed,
q_main_004_35,q_main_004,拜入太虚宗,主线,35,走到塔门,宗门广场西侧的镇妖塔，走进去便可试炼（需炼气三层）。,到达,,,,-55.43,14.21,52.53,6,,,q_主线_塔已解锁,,,,,,,,,,,,,,,,,,,,,-55.43;14.21;52.53,镇妖塔入口,Sect,50
q_main_004_36,q_main_004,拜入太虚宗,主线,36,日常修行,灵田产出、炼丹提修、塔中试炼——三样转起来。,等待秒数,,,,,,,,,,q_主线_日常开始,,,播放对话,,,,,1,,,,修行不是一日之功。|灵田里种着灵草，丹房里炼着丹药，塔里磨着你的本事。|这三样转起来，修为自然就上去了。,师父,,,,,,,,,,,30
q_main_004_37,q_main_004,拜入太虚宗,主线,37,灵田的异样,回洞府看看灵田——师父说后山的灵气有些不对。,到达,,,,0,0.02,0,7,,,q_伏笔_灵田异样,,,播放对话,,,,,,,,,（你蹲在田边，指尖忽然一凉。）|……这土里的灵气，比前几日活泛了。|像是有什么东西，在后山底下醒着。,主角,,,,,,,,0;0.02;0,洞府,3C_Testbed,20
q_main_004_38,q_main_004,拜入太虚宗,主线,38,塔中的共鸣,修为再进一步后，去塔里看看。,境界等级,,5,,,,,,,,q_伏笔_塔中共鸣,,,播放对话,,,,,,,,,（塔身深处传来一声悠长的震鸣，仿佛有什么在回应你。）|……妖力共鸣？|这塔里，还封着别的东西。,主角,,,,,,,,-55.43;14.21;52.53,镇妖塔入口,Sect,50
