组id,名字,权重,怪1,怪1数量,怪2,怪2数量,怪3,怪3数量
tower_001,妖群001,1,demon_bailujing_01,2,demon_hanlang_03,2,demon_laoguijing_01,2
tower_002,妖群002,1,demon_bailujing_02,2,demon_zhizhujing_01,2,demon_yanshiguai_01,2
tower_003,妖群003,1,demon_bailujing_03,2,demon_zhizhujing_02,2,demon_feishe_01,2
tower_004,妖群004,1,demon_qiongqi_01,2,demon_zhizhujing_03,2,demon_heibaiwuchang_01,2
tower_005,妖群005,1,demon_qiongqi_02,2,demon_zhizhujing_04,2,demon_goutoujunshi_01,2
tower_006,妖群006,1,demon_heibaiwuchang_01,2,demon_qiongqi_03,2,demon_mingshi_01,2
tower_007,妖群007,1,demon_heibaiwuchang_02,2,demon_heiyujin_01,2,demon_zaochi_01,2
tower_008,妖群008,1,demon_baixiongjing_01,2,demon_changhuozhanglao_01,2,demon_guiqijiang_01,2
tower_009,妖群009,1,demon_baixiongjing_02,2,demon_taowu_01,2,demon_yanshiguai_02,2
tower_010,妖群010,1,demon_baixiongjing_03,2,demon_feishe_02,2,demon_huayao_01,2
tower_011,妖群011,1,demon_baixiongjing_04,2,demon_rongyanguai_01,2,demon_liyujing_01,2
tower_012,妖群012,1,demon_rongyanguai_02,2,demon_heibaiwuchang_02,2,demon_qiongqi_01,2
tower_013,妖群013,1,demon_heiyujin_01,2,demon_rongyanguai_03,2,demon_chimangjin_01,2
tower_014,妖群014,1,demon_heiyujin_02,2,demon_rongyanguai_04,2,demon_nanshandawang_01,2
tower_015,妖群015,1,demon_baiyanmojun_01,2,demon_tiejiafu_01,2,demon_goutoujunshi_02,2
tower_016,妖群016,1,demon_baiyanmojun_02,2,demon_huoqilin_01,2,demon_mingshi_02,2
tower_017,妖群017,1,demon_baiyanmojun_03,2,demon_heiyujin_02,2,demon_liequan_01,2
tower_018,妖群018,1,demon_shuangtoushe_01,2,demon_baiyanmojun_01,2,demon_bailujing_01,2
tower_019,妖群019,1,demon_shuangtoushe_02,2,demon_chuimo_01,2,demon_hanlang_01,2
tower_020,妖群020,1,demon_huayao_01,2,demon_shuangtoushe_03,2,demon_laoguijing_02,2
tower_021,妖群021,1,demon_huayao_02,2,demon_shuangtoushe_04,2,demon_niutouyao_01,2
tower_022,妖群022,1,demon_bingpoguai_01,2,demon_huayao_03,2,demon_heibaiwuchang_01,2
tower_023,妖群023,1,demon_bingpoguai_02,2,demon_laohu_01,2,demon_qiongqi_02,2
tower_024,妖群024,1,demon_bingpoguai_03,2,demon_weiyueyan_01,2,demon_zhizhujing_01,2
tower_025,妖群025,1,demon_bingpoguai_04,2,demon_shuiyu_01,2,demon_chimangjin_02,2
tower_026,妖群026,1,demon_shuiyu_02,2,demon_hamajing_01,2,demon_jushiguai_01,2
tower_027,妖群027,1,demon_huoqilin_01,2,demon_shuiyu_03,2,demon_nanshandawang_02,2
tower_028,妖群028,1,demon_huoqilin_02,2,demon_shuiyu_04,2,demon_tiejiafu_02,2
tower_029,妖群029,1,demon_changdaozhonghun_01,2,demon_huoqilin_03,2,demon_goutoujunshi_01,2
tower_030,妖群030,1,demon_changdaozhonghun_02,2,demon_huoqilin_02,2,demon_mingshi_01,2
tower_031,妖群031,1,demon_changdaozhonghun_03,2,demon_shuiyu_01,2,demon_xuanfeng_01,2
tower_032,妖群032,1,demon_changdaozhonghun_04,2,demon_taowu_01,2,demon_baiyanmojun_02,2
tower_033,妖群033,1,demon_taowu_02,2,demon_changdaozhonghun_01,2,demon_fangliangshou_01,2
tower_034,妖群034,1,demon_jinniu_01,2,demon_taowu_03,2,demon_heiyujin_01,2
tower_035,妖群035,1,demon_jinniu_02,2,demon_liequan_02,2,demon_rongyanguai_01,2
tower_036,妖群036,1,demon_changhuozhanglao_01,2,demon_jinniu_03,2,demon_xiongguai_01,2
tower_037,妖群037,1,demon_changhuozhanglao_02,2,demon_jinniu_04,2,demon_bailujing_02,2
tower_038,妖群038,1,demon_changhuozhanglao_03,2,demon_chuimo_02,2,demon_hanlang_02,2
tower_039,妖群039,1,demon_tiejiafu_01,2,demon_laoguijing_01,2,demon_niutouyao_02,2
tower_040,妖群040,1,demon_tiejiafu_02,2,demon_tufu_01,2,demon_zaochi_02,2
tower_041,妖群041,1,demon_jushiguai_01,2,demon_tiejiafu_03,2,demon_changhuozhanglao_02,2
tower_042,妖群042,1,demon_jushiguai_02,2,demon_guiqijiang_02,2,demon_jinniu_01,2
tower_043,妖群043,1,demon_chimangjin_01,2,demon_jushiguai_03,2,demon_mingyao_01,2
tower_044,妖群044,1,demon_chimangjin_02,2,demon_jushiguai_04,2,demon_taowu_02,2
tower_045,妖群045,1,demon_chimangjin_03,2,demon_yanshiguai_01,2,demon_bingpoguai_01,2
tower_046,妖群046,1,demon_tufu_01,2,demon_feishe_01,2,demon_huayao_02,2
tower_047,妖群047,1,demon_tufu_02,2,demon_liyujing_02,2,demon_shuangtoushe_01,2
tower_048,妖群048,1,demon_laoguijing_01,2,demon_tufu_03,2,demon_xiyijing_01,2
tower_049,妖群049,1,demon_laoguijing_02,2,demon_tufu_04,2,demon_baixiongjing_01,2
tower_050,妖群050,1,demon_chuimo_01,2,demon_dunjiazhonghun_01,2,demon_tufu_02,2
tower_051,妖群051,1,demon_chuimo_02,2,demon_zaochi_03,2,demon_changhuozhanglao_03,2
tower_052,妖群052,1,demon_chuimo_03,2,demon_guiqijiang_03,2,demon_jinniu_02,2
tower_053,妖群053,1,demon_weiyueyan_01,2,demon_mingyao_02,2,demon_taowu_03,2
tower_054,妖群054,1,demon_weiyueyan_02,2,demon_yanshiguai_02,2,demon_bingpoguai_02,2
tower_055,妖群055,1,demon_laohu_01,2,demon_weiyueyan_03,2,demon_feishe_02,2
tower_056,妖群056,1,demon_laohu_02,2,demon_weiyueyan_04,2,demon_huayao_03,2
tower_057,妖群057,1,demon_dunjiazhonghun_01,2,demon_laohu_03,2,demon_liyujing_03,2
tower_058,妖群058,1,demon_dunjiazhonghun_02,2,demon_laohu_04,2,demon_shuangtoushe_02,2
tower_059,妖群059,1,demon_dunjiazhonghun_03,2,demon_xiyijing_02,2,demon_baixiongjing_02,2
tower_060,妖群060,1,demon_dunjiazhonghun_04,2,demon_xiongguai_01,2,demon_heibaiwuchang_02,2
tower_061,妖群061,1,demon_xiongguai_02,2,demon_dunjiazhonghun_02,2,demon_laohu_02,2
tower_062,妖群062,1,demon_liequan_01,2,demon_xiongguai_03,2,demon_qiongqi_03,2
tower_063,妖群063,1,demon_liequan_02,2,demon_xiongguai_04,2,demon_weiyueyan_02,2
tower_064,妖群064,1,demon_fangliangshou_01,2,demon_liequan_03,2,demon_zhizhujing_02,2
tower_065,妖群065,1,demon_fangliangshou_02,2,demon_chimangjin_03,2,demon_hamajing_02,2
tower_066,妖群066,1,demon_fangliangshou_03,2,demon_jushiguai_02,2,demon_nanshandawang_03,2
tower_067,妖群067,1,demon_fangliangshou_04,2,demon_xiyijing_01,2,demon_tiejiafu_03,2
tower_068,妖群068,1,demon_xiyijing_02,2,demon_yezhu_01,2,demon_changdaozhonghun_02,2
tower_069,妖群069,1,demon_liyujing_01,2,demon_xiyijing_03,2,demon_goutoujunshi_02,2
tower_070,妖群070,1,demon_liyujing_02,2,demon_xiyijing_04,2,demon_huoqilin_03,2
tower_071,妖群071,1,demon_feishe_01,2,demon_liyujing_03,2,demon_mingshi_02,2
tower_072,妖群072,1,demon_feishe_02,2,demon_shuiyu_02,2,demon_xuanfeng_02,2
tower_073,妖群073,1,demon_baiyanmojun_03,2,demon_fangliangshou_02,2,demon_heiyujin_02,2
tower_074,妖群074,1,demon_xuanfeng_01,2,demon_liequan_03,2,demon_rongyanguai_02,2
tower_075,妖群075,1,demon_xuanfeng_02,2,demon_xiongguai_02,2,demon_bailujing_03,2
tower_076,妖群076,1,demon_mingshi_01,2,demon_xuanfeng_03,2,demon_chuimo_03,2
tower_077,妖群077,1,demon_mingshi_02,2,demon_xuanfeng_04,2,demon_hanlang_03,2
tower_078,妖群078,1,demon_goutoujunshi_01,2,demon_laoguijing_02,2,demon_niutouyao_03,2
tower_079,妖群079,1,demon_goutoujunshi_02,2,demon_huoqilin_01,2,demon_mingshi_01,2
tower_080,妖群080,1,demon_shuiyu_03,2,demon_xuanfeng_03,2,demon_baiyanmojun_01,2
tower_081,妖群081,1,demon_yanshiguai_01,2,demon_fangliangshou_03,2,demon_heiyujin_01,2
tower_082,妖群082,1,demon_yanshiguai_02,2,demon_liequan_01,2,demon_rongyanguai_03,2
tower_083,妖群083,1,demon_mingyao_01,2,demon_xiongguai_03,2,demon_bailujing_01,2
tower_084,妖群084,1,demon_mingyao_02,2,demon_chuimo_01,2,demon_hanlang_01,2
tower_085,妖群085,1,demon_guiqijiang_01,2,demon_mingyao_03,2,demon_laoguijing_01,2
tower_086,妖群086,1,demon_guiqijiang_02,2,demon_mingyao_04,2,demon_niutouyao_01,2
tower_087,妖群087,1,demon_guiqijiang_03,2,demon_tufu_03,2,demon_zaochi_01,2
tower_088,妖群088,1,demon_yezhu_01,2,demon_changhuozhanglao_01,2,demon_guiqijiang_01,2
tower_089,妖群089,1,demon_yezhu_02,2,demon_jinniu_03,2,demon_mingyao_03,2
tower_090,妖群090,1,demon_nanshandawang_01,2,demon_yezhu_03,2,demon_taowu_01,2
tower_091,妖群091,1,demon_nanshandawang_02,2,demon_yezhu_04,2,demon_yanshiguai_01,2
tower_092,妖群092,1,demon_hamajing_01,2,demon_nanshandawang_03,2,demon_yezhu_05,2
tower_093,妖群093,1,demon_hamajing_02,2,demon_bingpoguai_03,2,demon_feishe_01,2
tower_094,妖群094,1,demon_hamajing_03,2,demon_huayao_01,2,demon_liyujing_01,2
tower_095,妖群095,1,demon_hamajing_04,2,demon_zaochi_01,2,demon_shuangtoushe_03,2
tower_096,妖群096,1,demon_zaochi_02,2,demon_xiyijing_03,2,demon_baixiongjing_03,2
tower_097,妖群097,1,demon_niutouyao_01,2,demon_zaochi_03,2,demon_dunjiazhonghun_03,2
tower_098,妖群098,1,demon_niutouyao_02,2,demon_heibaiwuchang_01,2,demon_laohu_03,2
tower_099,妖群099,1,demon_hanlang_01,2,demon_niutouyao_03,2,demon_qiongqi_01,2
tower_100,妖群100,1,demon_hanlang_02,2,demon_weiyueyan_03,2,demon_zhizhujing_03,2
