id,npcId,分段,说话人,文本,立绘,玩家立绘,回答1,回答2,回答3,跳转1,跳转2,跳转3,需要标记,排除标记,优先,情绪,情绪强度,触发任务,完成任务
dlg_act4_dashi_return,npc_dashixiong,1,,师父已经答应收你为徒了，我这就带你去你的洞府。,立绘/大师兄,,好,,,0,0,0,q_主线_在宗门,,35,,1,,
dlg_act4_dongfu_guide,npc_dashixiong,1,,小师弟，这就是传送点。走进去，就能到你的洞府。（走近按 F 使用）|洞府是你往后修炼、歇脚的地方，先熟悉一下。|小师弟你这两日就先在洞府住着，过两日师傅回来了我们给你办一场风风光光的拜师仪式,立绘/大师兄,,好,,,0,0,0,q_主线_在宗门,,34,,1,,
dlg_common_01,,1,,这位道友面生得很。是路过、还是要在村里住下？,立绘/村民,,路过看看,住几日,打听些事,2,3,4,,,0,,1,,
dlg_common_02,,2,,那便随意。村里人都好说话、有事尽管问。,立绘/村民,,多谢,告辞,,0,0,0,,,0,,1,,
dlg_common_03,,3,,住下的话、村西那间空屋还空着。夜里别往山上去。,立绘/村民,,记下了,山上有什么,,0,5,0,,,0,震动,0.8,,
dlg_common_04,,4,,打听事啊……那得看你想问什么了。,立绘/村民,,算了,回头再说,,0,0,0,,,0,,1,,
dlg_common_05,,5,,山里近来不太平、妖兽多了起来。你若是修士、倒不妨去看看。,立绘/村民,,我去看看,与我无关,,0,0,0,,,0,,1,,
dlg_common_06,,6,,听说山腰有个洞、夜里会发光。老辈人说是仙家遗迹。,立绘/村民,,有意思,离远点好,,0,0,0,,,0,冒泡,1,,
dlg_chengnan_01,npc_cunmin_chengnan,1,,哟、这位道友看着面生。是刚从外头进山的吧？,立绘/成男村民,,嗯、刚到此地,这村子不错,随便看看,2,3,0,,,10,,1,,
dlg_chengnan_02,npc_cunmin_chengnan,2,,那可是赶巧了。今儿日头好、晒得人暖洋洋的。,立绘/成男村民,,确实不错,你先忙,,0,0,0,,,0,,1,,
dlg_chengnan_03,npc_cunmin_chengnan,3,,村里就图个安稳。种地、打猎、采药、日子也就这么过。,立绘/成男村民,,听着挺好,告辞,,0,0,0,,,0,,1,,
dlg_chengnv_01,npc_cunmin_chengnv,1,,哎呀、这位小道友是打哪儿来的呀？衣裳都沾了泥。,立绘/成女村民,,从山外来的,不打紧,,2,3,0,,,0,,1,,
dlg_chengnv_02,npc_cunmin_chengnv,2,,那也得洗洗。井水在村东、用木桶打就是。,立绘/成女村民,,多谢指路,知道了,,0,0,0,,,0,,1,,
dlg_chengnv_03,npc_cunmin_chengnv,3,,我家那口子在镇上做工、半月才回一趟。这村里啊、就数我最闲不住。,立绘/成女村民,,那你忙,告辞,,0,0,0,,,0,,1,,
dlg_laotou_01,npc_cunmin_laotou,1,,咳咳……年轻人、过来晒晒太阳。人老了、就图个暖和。,立绘/老头村民,,好嘞,不了,,0,0,0,,,0,,1,,
dlg_laotou_02,npc_cunmin_laotou,2,,我在这村里住了六十年咯。这山、这水、都还是老样子。,立绘/老头村民,,那真好,不打扰了,,0,0,0,,,0,,1,,
dlg_zhengtai_01,npc_cunmin_zhengtai,1,,你你你、你是从山外面来的？外面真的有会飞的人吗？,立绘/正太村民,,有啊,没有,,2,3,0,,,0,冒泡,1.2,,
dlg_zhengtai_02,npc_cunmin_zhengtai,2,,哇——！我长大了也要飞！,立绘/正太村民,,加油,看好你哦,,0,0,0,,,0,震动,1.3,,
dlg_zhengtai_03,npc_cunmin_zhengtai,3,,哼、大人都说我在吹牛。你信不信我？,立绘/正太村民,,信,不信,,0,0,0,,,0,,1,,
dlg_pangshu_01,npc_cunmin_pangshu,1,,哎哟、来客人啦！闻见没？锅里炖着山菌、香吧？,立绘/胖叔村民,,香、闻到了,还行吧,,0,0,0,,,0,,1,,
dlg_pangshu_02,npc_cunmin_pangshu,2,,嘿嘿、一会儿盛你一碗。别的本事我没有、做饭是真有一手。,立绘/胖叔村民,,多谢款待,那我等着,,0,0,0,,,0,震动,0.5,,
dlg_xiaomei_01,npc_xiaomei_01,1,,咦？你不是村里的人吧。我天天在溪边、没见过你。,立绘/小梅,,今天刚到,你常来这儿吗,,2,3,0,,,0,,1,,
dlg_xiaomei_02,npc_xiaomei_01,2,,嗯、我在这儿洗衣裳。水凉、可这溪水最干净了。,立绘/小梅,,我来帮你,不了,,0,0,0,,,0,,1,,
dlg_xiaomei_03,npc_xiaomei_01,3,,你、你别一直看着我呀……怪不好意思的。,立绘/小梅,,抱歉,告辞,,0,0,0,,,0,震动,1.2,,
dlg_xiaomei2_01,npc_xiaomei_02,1,,娘说、外面来的人要小心些。可我看你不像坏人。,立绘/小梅,,我确实不是,多谢信任,,0,0,0,,,0,,1,,
dlg_xiaomei2_02,npc_xiaomei_02,2,,那你可别骗我。骗人的话、我就不理你了。,立绘/小梅,,绝不骗你,记住了,,0,0,0,,,0,,1,,
dlg_xiaomei3_01,npc_xiaomei_03,1,,这花好看吧？我从后山摘的。后山的花、比村里多得多。,立绘/小梅,,好看,后山远吗,,2,3,0,,,0,,1,,
dlg_xiaomei3_02,npc_xiaomei_03,2,,不远、翻过去就是。不过大人们不让我一个人去。,立绘/小梅,,下次一起去,那算了,,0,0,0,,,0,,1,,
dlg_xiaomei3_03,npc_xiaomei_03,3,,你要是去的话、帮我带一朵回来好不好？,立绘/小梅,,好,有机会就带,,0,0,0,,,0,冒泡,1,,
dlg_xiaomei4_01,npc_xiaomei_04,1,,你身上有股……说不上来的味道。像山里雨后的石头。,立绘/小梅,,听起来不错,第一次有人这么说,,2,0,0,,,0,,1,,
dlg_xiaomei4_02,npc_xiaomei_04,2,,嘻、我在夸你呢。奶奶说、能闻出这种味道的、都是有缘人。,立绘/小梅,,那我记住了,告辞,,0,0,0,,,0,,1,,
dlg_chengnan_01b,npc_cunmin_chengnan,1,,（他收下回春丹，又问起山里的事。）,立绘/成男村民,,这就去办,再说吧,,0,0,0,q_初入山门_回话开始,,10,,1,,
dlg_farewell_pangshu,npc_cunmin_pangshu,1,,听说你要跟仙人走了？哈哈，那可真是咱村天大的喜事！,立绘/胖叔村民,,是要走了,多谢叔照顾,,0,0,0,q_凡尘_料理中,,10,,1,,
dlg_farewell_laotou,npc_cunmin_laotou,1,,去吧去吧，山里人留不住仙缘。我年轻时也见过仙人，一晃六十年咯。,立绘/老头村民,,晚辈记住了,您多保重,,0,0,0,q_凡尘_料理中,,10,,1,,
dlg_farewell_chengnan,npc_cunmin_chengnan,1,,往后在外头，别忘了咱古古镇；也别忘了，你是从这儿走出去的。,立绘/成男村民,,不会忘,一定回来看看,,0,0,0,q_凡尘_料理中,,10,,1,,
dlg_farewell_chengnv,npc_cunmin_chengnv,1,,衣裳我给你缝好了，山里风大，带着吧。,立绘/成女村民,,多谢嫂子,我会回来看你们,,0,0,0,q_凡尘_料理中,,10,,1,,
dlg_farewell_zhengtai,npc_cunmin_zhengtai,1,,你要去修仙啦？好厉害好厉害！你一定要回来呀，回来给我讲讲会飞的事！,立绘/正太村民,,一定回来,你也好好练,,0,0,0,q_凡尘_料理中,,10,,1,,
dlg_farewell_xiaomei1,npc_xiaomei_01,1,,xxx哥哥，你要走了吗……那，那我会想你的。,立绘/小梅,,我会回来看你,你也要好好的,,0,0,0,q_凡尘_料理中,,10,,1,,
dlg_farewell_xiaomei2,npc_xiaomei_02,1,,他们都说你要去当神仙了。当神仙是不是就……再也见不到啦？,立绘/小梅,,还会回来的,别瞎想,,0,0,0,q_凡尘_料理中,,10,,1,,
dlg_farewell_xiaomei3,npc_xiaomei_03,1,,我给你摘的花，你带一朵走吧。后山的花，我也给你留着。,立绘/小梅,,好，我带着,等我回来,,0,0,0,q_凡尘_料理中,,10,,1,,
dlg_farewell_xiaomei4,npc_xiaomei_04,1,,奶奶说，能闻出你身上那股味道的，都是有缘人。有缘……总会再见的吧？,立绘/小梅,,总会再见的,嗯，有缘再见,,0,0,0,q_凡尘_料理中,,10,,1,,
dlg_act2_pangshu_1,npc_cunmin_pangshu,1,,嘿，xxx，今天起这么早？,立绘/胖叔村民,,早啊，胖叔,,,2,0,0,,,0,,1,,
dlg_act2_pangshu_2,npc_cunmin_pangshu,2,,小梅好像在那边找你呢，你快去看看吧。,立绘/胖叔村民,,我这就去,,,0,0,0,,,0,,1,,
dlg_act2_xiaomei_1,npc_xiaomei_01,1,,咦？哥哥你找我呀？,立绘/小梅,,小梅，找我有啥事不？,没什么,,11,0,0,q_主线_找小梅中,,10,,1,,
dlg_act2_xiaomei_2,npc_xiaomei_01,11,,xxx哥哥，昨晚我听到你家后面林子里好像有奇怪的声音，你要不要检查一下啊。,立绘/小梅,,谢谢小梅，我知道了，我等下去看看,,,12,0,0,,,0,,1,,
dlg_act2_xiaomei_3,npc_xiaomei_01,12,,嗯嗯。,立绘/小梅,,我这就去看看,,,0,0,0,,,0,,1,,q_main_002
dlg_act3_dashi_1,npc_dashixiong,1,,真是不好意思，妖魔跑出来了，你受惊了。,立绘/大师兄,,仙人救我狗命，请受我一拜,,,2,0,0,q_主线_招募中,q_主线_在宗门,10,,1,,
dlg_act3_dashi_2,npc_dashixiong,2,,哈哈哈，降妖除魔乃吾辈分内之事，等等……,立绘/大师兄,,……,,,3,0,0,,,0,,1,,
dlg_act3_dashi_3,npc_dashixiong,3,,你居然有灵根？,立绘/大师兄,,（他盯着我看）,,,4,0,0,,,0,,1,,
dlg_act3_dashi_4,npc_dashixiong,4,,少年，你叫什么名字？,立绘/大师兄,,回仙人，我叫xxx,,,5,0,0,,,0,,1,,
dlg_act3_dashi_5,npc_dashixiong,5,,xxx，你可愿入我太虚宗？,立绘/大师兄,,回仙人，弟子愿意,,,6,0,0,,,0,,1,,
dlg_act3_dashi_6,npc_dashixiong,6,,好，给你一时三刻，你处理好凡间事务，我们即刻回宗。,立绘/大师兄,,弟子遵命,,,7,0,0,,,0,,1,,
dlg_act3_dashi_7,npc_dashixiong,7,,（自言自语）下山一趟，竟然给我捞到了一个好苗子，又是大功一件啊。,立绘/大师兄,,（看来他心情不错）,,,0,0,0,,,0,,1,,
dlg_act3_dashi_ready,npc_dashixiong,1,,（他负手而立，等你说话。）,立绘/大师兄,,仙人，我准备好了,,,21,0,0,q_主线_可启程,,20,,1,,
dlg_act3_dashi_21,npc_dashixiong,21,,你准备好了，那我现在就带你去宗门吧。,立绘/大师兄,,好,,,22,0,0,,,0,,1,,
dlg_act3_dashi_22,npc_dashixiong,22,,（你点了点头。他掐了个诀，脚下腾起一阵风。）,立绘/大师兄,,,,,0,0,0,,,0,,1,,q_main_003
dlg_act3_xiaomei_bye,npc_xiaomei_01,1,,（小梅好像有话想跟你说。）,立绘/小梅,,小梅，我要走了,,,22,0,0,q_主线_可启程,,20,,1,,
dlg_act3_xiaomei_22,npc_xiaomei_01,22,,嗯……你要记得回来看我们呀。,立绘/小梅,,会的,,,0,0,0,,,0,,1,,
dlg_act5_dongfu_1,npc_dashixiong,1,,（大师兄停在洞府前的一道光旁，负手而立。）,立绘/大师兄,,这里就是我的洞府吗？,,,2,0,0,q_主线_到洞府;场景_3C_Testbed,,40,,1,,
dlg_act5_dongfu_2,npc_dashixiong,2,,嗯嗯，你从这道光进去就好啦。,立绘/大师兄,,好,,,0,0,0,场景_3C_Testbed,,0,,1,,
dlg_act4_dashi_idle,npc_dashixiong,1,,（大师兄负手而立，等你跟上。）,立绘/大师兄,,好,,,0,0,0,q_主线_在宗门,,30,,1,,
dlg_act5_lingtian_1,npc_dashixiong,1,,（大师兄随你走进后山，指着那片薄田。）|这里，便是你的灵田了。,立绘/大师兄,,嗯,,,2,0,0,q_主线_到洞府;场景_3C_Testbed,,41,,1,,,,
dlg_act5_lingtian_2,npc_dashixiong,2,,宗门弟子修行，根基在自给自足。|灵石、灵药，皆出于此——往后炼丹、炼器、修炼，都要靠它。,立绘/大师兄,,原来如此,,,3,0,0,场景_3C_Testbed,,0,,1,,,,
dlg_act5_lingtian_3,npc_dashixiong,3,,这一阶下品的灵田虽薄，好在无需照看，种下去自会长成。|我留些灵种与滋养符箓与你，每日打理片刻即可。,立绘/大师兄,,多谢师兄,,,4,0,0,场景_3C_Testbed,,0,,1,,,,
dlg_act5_lingtian_4,npc_dashixiong,4,,灵田可随你的修为与宗门贡献升阶。|阶高了，能种的灵药更珍稀，长得也更快。,立绘/大师兄,,弟子记下了,,,0,0,0,场景_3C_Testbed,,0,,1,,,,
