物品id,物品名,最大堆叠数量,品阶,介绍,可使用,效果类型,效果参数id,效果说明
item_huichundan,回春丹,99,凡品,一颗下去，气血缓慢回复。使用后 1 小时内气血回复 +5%。,1,属性增益,hui_fu_5pct,使用后 1 小时内气血回复 +5%
item_gongfa_taixu_lianqi,太虚炼气诀 秘籍,1,玄品,记载着「太虚炼气诀」的入门功法，研读之后即可修习。,1,学功法,gongfa_taixu_lianqi,使用后学会功法「太虚炼气诀」。
item_gongfa_qingyun_jianjue,青云剑诀 秘籍,1,地品,记载着「青云剑诀」的入门功法，研读之后即可修习。,1,学功法,gongfa_qingyun_jianjue,使用后学会功法「青云剑诀」。
item_active_ability_fentian_yanshu,焚天炎术 神通玉简,1,天品,刻着「焚天炎术」的玉简，神识一触即可领悟。,1,学主动神通,ability_fentian_yanshu,使用后获得主动神通「焚天炎术」。
item_passive_ability_pingxu_yufeng,凭虚御风 心得,1,玄品,记载着「凭虚御风」的修炼心得，读罢即可掌握。,1,学被动神通,ability_pingxu_yufeng,使用后获得被动神通「凭虚御风」。
item_menpai_bianfu,门派便服,1,凡品,太虚宗发给新弟子的门派便服。穿上它，就有了正式弟子的样子。,1,学外观,app_player,使用后获得外观「修仙者」并立刻换上
item_gongfa_xuanxiao_leijue,玄霄雷决 秘籍,1,玄品,记载着「玄霄雷决」的功法秘籍，研读之后即可修习。,1,学功法,gongfa_xuanxiao_leijue,使用后学会功法「玄霄雷决」。
item_active_ability_leidong_qianshan,雷动千闪 神通玉简,1,地品,刻着「雷动千闪」的玉简，神识一触即可领悟。,1,学主动神通,ability_leidong_qianshan,使用后获得主动神通「雷动千闪」。
item_active_ability_shunlei_tianshan,瞬雷天闪 神通玉简,1,天品,刻着「瞬雷天闪」的玉简，神识一触即可领悟。,1,学主动神通,ability_shunlei_tianshan,使用后获得主动神通「瞬雷天闪」。
item_passive_ability_qianjie_leiyu,千劫雷狱 心得,1,天品,记载着「千劫雷狱」的修炼心得，读罢即可掌握。,1,学被动神通,ability_qianjie_leiyu,使用后获得被动神通「千劫雷狱」。
item_passive_ability_leiyun,雷云 心得,1,地品,记载着「雷云」的修炼心得，读罢即可掌握。,1,学被动神通,ability_leiyun,使用后获得被动神通「雷云」。
item_gongfa_canglan_hanyuanlu,沧澜寒渊录 秘籍,1,地品,记载着「沧澜寒渊录」的功法秘籍，研读之后即可修习。,1,学功法,gongfa_canglan_hanyuanlu,使用后学会功法「沧澜寒渊录」。
item_active_ability_hanxu,寒墟 神通玉简,1,天品,刻着「寒墟」的玉简，神识一触即可领悟。,1,学主动神通,ability_hanxu,使用后获得主动神通「寒墟」。
item_active_ability_bingbao_shu,冰暴术 神通玉简,1,天品,刻着「冰暴术」的玉简，神识一触即可领悟。,1,学主动神通,ability_bingbao_shu,使用后获得主动神通「冰暴术」。
