区段id,起始层,结束层,刷怪组,等级偏移,数量倍率
floor_0001,1,1,tower_001,0,1.00
floor_0002,2,2,tower_038,0,1.00
floor_0003,3,3,tower_075,0,1.00
floor_0004,4,4,tower_012,0,1.00
floor_0005,5,5,tower_049,0,1.00
floor_0006,6,6,tower_086,0,1.01
floor_0007,7,7,tower_023,0,1.01
floor_0008,8,8,tower_060,0,1.01
floor_0009,9,9,tower_097,0,1.01
floor_0010,10,10,tower_034,0,1.01
floor_0011,11,11,tower_071,0,1.01
floor_0012,12,12,tower_008,0,1.01
floor_0013,13,13,tower_045,0,1.01
floor_0014,14,14,tower_082,0,1.01
floor_0015,15,15,tower_019,0,1.01
floor_0016,16,16,tower_056,0,1.02
floor_0017,17,17,tower_093,0,1.02
floor_0018,18,18,tower_030,0,1.02
floor_0019,19,19,tower_067,0,1.02
floor_0020,20,20,tower_004,0,1.02
floor_0021,21,21,tower_041,0,1.02
floor_0022,22,22,tower_078,0,1.02
floor_0023,23,23,tower_015,0,1.02
floor_0024,24,24,tower_052,0,1.02
floor_0025,25,25,tower_089,0,1.02
floor_0026,26,26,tower_026,0,1.03
floor_0027,27,27,tower_063,0,1.03
floor_0028,28,28,tower_100,0,1.03
floor_0029,29,29,tower_037,0,1.03
floor_0030,30,30,tower_074,0,1.03
floor_0031,31,31,tower_011,0,1.03
floor_0032,32,32,tower_048,0,1.03
floor_0033,33,33,tower_085,0,1.03
floor_0034,34,34,tower_022,0,1.03
floor_0035,35,35,tower_059,0,1.03
floor_0036,36,36,tower_096,0,1.04
floor_0037,37,37,tower_033,0,1.04
floor_0038,38,38,tower_070,0,1.04
floor_0039,39,39,tower_007,0,1.04
floor_0040,40,40,tower_044,0,1.04
floor_0041,41,41,tower_081,0,1.04
floor_0042,42,42,tower_018,0,1.04
floor_0043,43,43,tower_055,0,1.04
floor_0044,44,44,tower_092,0,1.04
floor_0045,45,45,tower_029,0,1.04
floor_0046,46,46,tower_066,0,1.05
floor_0047,47,47,tower_003,0,1.05
floor_0048,48,48,tower_040,0,1.05
floor_0049,49,49,tower_077,0,1.05
floor_0050,50,50,tower_014,0,1.05
floor_0051,51,51,tower_051,0,1.05
floor_0052,52,52,tower_088,0,1.05
floor_0053,53,53,tower_025,0,1.05
floor_0054,54,54,tower_062,0,1.05
floor_0055,55,55,tower_099,0,1.05
floor_0056,56,56,tower_036,0,1.06
floor_0057,57,57,tower_073,0,1.06
floor_0058,58,58,tower_010,0,1.06
floor_0059,59,59,tower_047,0,1.06
floor_0060,60,60,tower_084,0,1.06
floor_0061,61,61,tower_021,0,1.06
floor_0062,62,62,tower_058,0,1.06
floor_0063,63,63,tower_095,0,1.06
floor_0064,64,64,tower_032,0,1.06
floor_0065,65,65,tower_069,0,1.06
floor_0066,66,66,tower_006,0,1.07
floor_0067,67,67,tower_043,0,1.07
floor_0068,68,68,tower_080,0,1.07
floor_0069,69,69,tower_017,0,1.07
floor_0070,70,70,tower_054,0,1.07
floor_0071,71,71,tower_091,0,1.07
floor_0072,72,72,tower_028,0,1.07
floor_0073,73,73,tower_065,0,1.07
floor_0074,74,74,tower_002,0,1.07
floor_0075,75,75,tower_039,0,1.07
floor_0076,76,76,tower_076,0,1.08
floor_0077,77,77,tower_013,0,1.08
floor_0078,78,78,tower_050,0,1.08
floor_0079,79,79,tower_087,0,1.08
floor_0080,80,80,tower_024,0,1.08
floor_0081,81,81,tower_061,0,1.08
floor_0082,82,82,tower_098,0,1.08
floor_0083,83,83,tower_035,0,1.08
floor_0084,84,84,tower_072,0,1.08
floor_0085,85,85,tower_009,0,1.08
floor_0086,86,86,tower_046,0,1.09
floor_0087,87,87,tower_083,0,1.09
floor_0088,88,88,tower_020,0,1.09
floor_0089,89,89,tower_057,0,1.09
floor_0090,90,90,tower_094,0,1.09
floor_0091,91,91,tower_031,0,1.09
floor_0092,92,92,tower_068,0,1.09
floor_0093,93,93,tower_005,0,1.09
floor_0094,94,94,tower_042,0,1.09
floor_0095,95,95,tower_079,0,1.09
floor_0096,96,96,tower_016,0,1.10
floor_0097,97,97,tower_053,0,1.10
floor_0098,98,98,tower_090,0,1.10
floor_0099,99,99,tower_027,0,1.10
floor_0100,100,100,tower_064,0,1.10
floor_0101,101,101,tower_012,0,1.10
floor_0102,102,102,tower_049,0,1.10
floor_0103,103,103,tower_086,0,1.10
floor_0104,104,104,tower_023,0,1.10
floor_0105,105,105,tower_060,0,1.10
floor_0106,106,106,tower_097,0,1.11
floor_0107,107,107,tower_034,0,1.11
floor_0108,108,108,tower_071,0,1.11
floor_0109,109,109,tower_008,0,1.11
floor_0110,110,110,tower_045,0,1.11
floor_0111,111,111,tower_082,0,1.11
floor_0112,112,112,tower_019,0,1.11
floor_0113,113,113,tower_056,0,1.11
floor_0114,114,114,tower_093,0,1.11
floor_0115,115,115,tower_030,0,1.11
floor_0116,116,116,tower_067,0,1.12
floor_0117,117,117,tower_004,0,1.12
floor_0118,118,118,tower_041,0,1.12
floor_0119,119,119,tower_078,0,1.12
floor_0120,120,120,tower_015,0,1.12
floor_0121,121,121,tower_052,0,1.12
floor_0122,122,122,tower_089,0,1.12
floor_0123,123,123,tower_026,0,1.12
floor_0124,124,124,tower_063,0,1.12
floor_0125,125,125,tower_100,0,1.12
floor_0126,126,126,tower_037,0,1.13
floor_0127,127,127,tower_074,0,1.13
floor_0128,128,128,tower_011,0,1.13
floor_0129,129,129,tower_048,0,1.13
floor_0130,130,130,tower_085,0,1.13
floor_0131,131,131,tower_022,0,1.13
floor_0132,132,132,tower_059,0,1.13
floor_0133,133,133,tower_096,0,1.13
floor_0134,134,134,tower_033,0,1.13
floor_0135,135,135,tower_070,0,1.13
floor_0136,136,136,tower_007,0,1.14
floor_0137,137,137,tower_044,0,1.14
floor_0138,138,138,tower_081,0,1.14
floor_0139,139,139,tower_018,0,1.14
floor_0140,140,140,tower_055,0,1.14
floor_0141,141,141,tower_092,0,1.14
floor_0142,142,142,tower_029,0,1.14
floor_0143,143,143,tower_066,0,1.14
floor_0144,144,144,tower_003,0,1.14
floor_0145,145,145,tower_040,0,1.14
floor_0146,146,146,tower_077,0,1.15
floor_0147,147,147,tower_014,0,1.15
floor_0148,148,148,tower_051,0,1.15
floor_0149,149,149,tower_088,0,1.15
floor_0150,150,150,tower_025,0,1.15
floor_0151,151,151,tower_062,0,1.15
floor_0152,152,152,tower_099,0,1.15
floor_0153,153,153,tower_036,0,1.15
floor_0154,154,154,tower_073,0,1.15
floor_0155,155,155,tower_010,0,1.15
floor_0156,156,156,tower_047,0,1.16
floor_0157,157,157,tower_084,0,1.16
floor_0158,158,158,tower_021,0,1.16
floor_0159,159,159,tower_058,0,1.16
floor_0160,160,160,tower_095,0,1.16
floor_0161,161,161,tower_032,0,1.16
floor_0162,162,162,tower_069,0,1.16
floor_0163,163,163,tower_006,0,1.16
floor_0164,164,164,tower_043,0,1.16
floor_0165,165,165,tower_080,0,1.16
floor_0166,166,166,tower_017,0,1.17
floor_0167,167,167,tower_054,0,1.17
floor_0168,168,168,tower_091,0,1.17
floor_0169,169,169,tower_028,0,1.17
floor_0170,170,170,tower_065,0,1.17
floor_0171,171,171,tower_002,0,1.17
floor_0172,172,172,tower_039,0,1.17
floor_0173,173,173,tower_076,0,1.17
floor_0174,174,174,tower_013,0,1.17
floor_0175,175,175,tower_050,0,1.17
floor_0176,176,176,tower_087,0,1.18
floor_0177,177,177,tower_024,0,1.18
floor_0178,178,178,tower_061,0,1.18
floor_0179,179,179,tower_098,0,1.18
floor_0180,180,180,tower_035,0,1.18
floor_0181,181,181,tower_072,0,1.18
floor_0182,182,182,tower_009,0,1.18
floor_0183,183,183,tower_046,0,1.18
floor_0184,184,184,tower_083,0,1.18
floor_0185,185,185,tower_020,0,1.18
floor_0186,186,186,tower_057,0,1.19
floor_0187,187,187,tower_094,0,1.19
floor_0188,188,188,tower_031,0,1.19
floor_0189,189,189,tower_068,0,1.19
floor_0190,190,190,tower_005,0,1.19
floor_0191,191,191,tower_042,0,1.19
floor_0192,192,192,tower_079,0,1.19
floor_0193,193,193,tower_016,0,1.19
floor_0194,194,194,tower_053,0,1.19
floor_0195,195,195,tower_090,0,1.19
floor_0196,196,196,tower_027,0,1.20
floor_0197,197,197,tower_064,0,1.20
floor_0198,198,198,tower_001,0,1.20
floor_0199,199,199,tower_038,0,1.20
floor_0200,200,200,tower_075,0,1.20
floor_0201,201,201,tower_023,0,1.20
floor_0202,202,202,tower_060,0,1.20
floor_0203,203,203,tower_097,0,1.20
floor_0204,204,204,tower_034,0,1.20
floor_0205,205,205,tower_071,0,1.20
floor_0206,206,206,tower_008,0,1.21
floor_0207,207,207,tower_045,0,1.21
floor_0208,208,208,tower_082,0,1.21
floor_0209,209,209,tower_019,0,1.21
floor_0210,210,210,tower_056,0,1.21
floor_0211,211,211,tower_093,0,1.21
floor_0212,212,212,tower_030,0,1.21
floor_0213,213,213,tower_067,0,1.21
floor_0214,214,214,tower_004,0,1.21
floor_0215,215,215,tower_041,0,1.21
floor_0216,216,216,tower_078,0,1.22
floor_0217,217,217,tower_015,0,1.22
floor_0218,218,218,tower_052,0,1.22
floor_0219,219,219,tower_089,0,1.22
floor_0220,220,220,tower_026,0,1.22
floor_0221,221,221,tower_063,0,1.22
floor_0222,222,222,tower_100,0,1.22
floor_0223,223,223,tower_037,0,1.22
floor_0224,224,224,tower_074,0,1.22
floor_0225,225,225,tower_011,0,1.22
floor_0226,226,226,tower_048,0,1.23
floor_0227,227,227,tower_085,0,1.23
floor_0228,228,228,tower_022,0,1.23
floor_0229,229,229,tower_059,0,1.23
floor_0230,230,230,tower_096,0,1.23
floor_0231,231,231,tower_033,0,1.23
floor_0232,232,232,tower_070,0,1.23
floor_0233,233,233,tower_007,0,1.23
floor_0234,234,234,tower_044,0,1.23
floor_0235,235,235,tower_081,0,1.23
floor_0236,236,236,tower_018,0,1.24
floor_0237,237,237,tower_055,0,1.24
floor_0238,238,238,tower_092,0,1.24
floor_0239,239,239,tower_029,0,1.24
floor_0240,240,240,tower_066,0,1.24
floor_0241,241,241,tower_003,0,1.24
floor_0242,242,242,tower_040,0,1.24
floor_0243,243,243,tower_077,0,1.24
floor_0244,244,244,tower_014,0,1.24
floor_0245,245,245,tower_051,0,1.24
floor_0246,246,246,tower_088,0,1.25
floor_0247,247,247,tower_025,0,1.25
floor_0248,248,248,tower_062,0,1.25
floor_0249,249,249,tower_099,0,1.25
floor_0250,250,250,tower_036,0,1.25
floor_0251,251,251,tower_073,0,1.25
floor_0252,252,252,tower_010,0,1.25
floor_0253,253,253,tower_047,0,1.25
floor_0254,254,254,tower_084,0,1.25
floor_0255,255,255,tower_021,0,1.25
floor_0256,256,256,tower_058,0,1.26
floor_0257,257,257,tower_095,0,1.26
floor_0258,258,258,tower_032,0,1.26
floor_0259,259,259,tower_069,0,1.26
floor_0260,260,260,tower_006,0,1.26
floor_0261,261,261,tower_043,0,1.26
floor_0262,262,262,tower_080,0,1.26
floor_0263,263,263,tower_017,0,1.26
floor_0264,264,264,tower_054,0,1.26
floor_0265,265,265,tower_091,0,1.26
floor_0266,266,266,tower_028,0,1.27
floor_0267,267,267,tower_065,0,1.27
floor_0268,268,268,tower_002,0,1.27
floor_0269,269,269,tower_039,0,1.27
floor_0270,270,270,tower_076,0,1.27
floor_0271,271,271,tower_013,0,1.27
floor_0272,272,272,tower_050,0,1.27
floor_0273,273,273,tower_087,0,1.27
floor_0274,274,274,tower_024,0,1.27
floor_0275,275,275,tower_061,0,1.27
floor_0276,276,276,tower_098,0,1.28
floor_0277,277,277,tower_035,0,1.28
floor_0278,278,278,tower_072,0,1.28
floor_0279,279,279,tower_009,0,1.28
floor_0280,280,280,tower_046,0,1.28
floor_0281,281,281,tower_083,0,1.28
floor_0282,282,282,tower_020,0,1.28
floor_0283,283,283,tower_057,0,1.28
floor_0284,284,284,tower_094,0,1.28
floor_0285,285,285,tower_031,0,1.28
floor_0286,286,286,tower_068,0,1.29
floor_0287,287,287,tower_005,0,1.29
floor_0288,288,288,tower_042,0,1.29
floor_0289,289,289,tower_079,0,1.29
floor_0290,290,290,tower_016,0,1.29
floor_0291,291,291,tower_053,0,1.29
floor_0292,292,292,tower_090,0,1.29
floor_0293,293,293,tower_027,0,1.29
floor_0294,294,294,tower_064,0,1.29
floor_0295,295,295,tower_001,0,1.29
floor_0296,296,296,tower_038,0,1.30
floor_0297,297,297,tower_075,0,1.30
floor_0298,298,298,tower_012,0,1.30
floor_0299,299,299,tower_049,0,1.30
floor_0300,300,300,tower_086,0,1.30
floor_0301,301,301,tower_034,0,1.30
floor_0302,302,302,tower_071,0,1.30
floor_0303,303,303,tower_008,0,1.30
floor_0304,304,304,tower_045,0,1.30
floor_0305,305,305,tower_082,0,1.30
floor_0306,306,306,tower_019,0,1.31
floor_0307,307,307,tower_056,0,1.31
floor_0308,308,308,tower_093,0,1.31
floor_0309,309,309,tower_030,0,1.31
floor_0310,310,310,tower_067,0,1.31
floor_0311,311,311,tower_004,0,1.31
floor_0312,312,312,tower_041,0,1.31
floor_0313,313,313,tower_078,0,1.31
floor_0314,314,314,tower_015,0,1.31
floor_0315,315,315,tower_052,0,1.31
floor_0316,316,316,tower_089,0,1.32
floor_0317,317,317,tower_026,0,1.32
floor_0318,318,318,tower_063,0,1.32
floor_0319,319,319,tower_100,0,1.32
floor_0320,320,320,tower_037,0,1.32
floor_0321,321,321,tower_074,0,1.32
floor_0322,322,322,tower_011,0,1.32
floor_0323,323,323,tower_048,0,1.32
floor_0324,324,324,tower_085,0,1.32
floor_0325,325,325,tower_022,0,1.32
floor_0326,326,326,tower_059,0,1.33
floor_0327,327,327,tower_096,0,1.33
floor_0328,328,328,tower_033,0,1.33
floor_0329,329,329,tower_070,0,1.33
floor_0330,330,330,tower_007,0,1.33
floor_0331,331,331,tower_044,0,1.33
floor_0332,332,332,tower_081,0,1.33
floor_0333,333,333,tower_018,0,1.33
floor_0334,334,334,tower_055,0,1.33
floor_0335,335,335,tower_092,0,1.33
floor_0336,336,336,tower_029,0,1.34
floor_0337,337,337,tower_066,0,1.34
floor_0338,338,338,tower_003,0,1.34
floor_0339,339,339,tower_040,0,1.34
floor_0340,340,340,tower_077,0,1.34
floor_0341,341,341,tower_014,0,1.34
floor_0342,342,342,tower_051,0,1.34
floor_0343,343,343,tower_088,0,1.34
floor_0344,344,344,tower_025,0,1.34
floor_0345,345,345,tower_062,0,1.34
floor_0346,346,346,tower_099,0,1.35
floor_0347,347,347,tower_036,0,1.35
floor_0348,348,348,tower_073,0,1.35
floor_0349,349,349,tower_010,0,1.35
floor_0350,350,350,tower_047,0,1.35
floor_0351,351,351,tower_084,0,1.35
floor_0352,352,352,tower_021,0,1.35
floor_0353,353,353,tower_058,0,1.35
floor_0354,354,354,tower_095,0,1.35
floor_0355,355,355,tower_032,0,1.35
floor_0356,356,356,tower_069,0,1.36
floor_0357,357,357,tower_006,0,1.36
floor_0358,358,358,tower_043,0,1.36
floor_0359,359,359,tower_080,0,1.36
floor_0360,360,360,tower_017,0,1.36
floor_0361,361,361,tower_054,0,1.36
floor_0362,362,362,tower_091,0,1.36
floor_0363,363,363,tower_028,0,1.36
floor_0364,364,364,tower_065,0,1.36
floor_0365,365,365,tower_002,0,1.36
floor_0366,366,366,tower_039,0,1.37
floor_0367,367,367,tower_076,0,1.37
floor_0368,368,368,tower_013,0,1.37
floor_0369,369,369,tower_050,0,1.37
floor_0370,370,370,tower_087,0,1.37
floor_0371,371,371,tower_024,0,1.37
floor_0372,372,372,tower_061,0,1.37
floor_0373,373,373,tower_098,0,1.37
floor_0374,374,374,tower_035,0,1.37
floor_0375,375,375,tower_072,0,1.37
floor_0376,376,376,tower_009,0,1.38
floor_0377,377,377,tower_046,0,1.38
floor_0378,378,378,tower_083,0,1.38
floor_0379,379,379,tower_020,0,1.38
floor_0380,380,380,tower_057,0,1.38
floor_0381,381,381,tower_094,0,1.38
floor_0382,382,382,tower_031,0,1.38
floor_0383,383,383,tower_068,0,1.38
floor_0384,384,384,tower_005,0,1.38
floor_0385,385,385,tower_042,0,1.38
floor_0386,386,386,tower_079,0,1.39
floor_0387,387,387,tower_016,0,1.39
floor_0388,388,388,tower_053,0,1.39
floor_0389,389,389,tower_090,0,1.39
floor_0390,390,390,tower_027,0,1.39
floor_0391,391,391,tower_064,0,1.39
floor_0392,392,392,tower_001,0,1.39
floor_0393,393,393,tower_038,0,1.39
floor_0394,394,394,tower_075,0,1.39
floor_0395,395,395,tower_012,0,1.39
floor_0396,396,396,tower_049,0,1.40
floor_0397,397,397,tower_086,0,1.40
floor_0398,398,398,tower_023,0,1.40
floor_0399,399,399,tower_060,0,1.40
floor_0400,400,400,tower_097,0,1.40
floor_0401,401,401,tower_045,0,1.40
floor_0402,402,402,tower_082,0,1.40
floor_0403,403,403,tower_019,0,1.40
floor_0404,404,404,tower_056,0,1.40
floor_0405,405,405,tower_093,0,1.40
floor_0406,406,406,tower_030,0,1.41
floor_0407,407,407,tower_067,0,1.41
floor_0408,408,408,tower_004,0,1.41
floor_0409,409,409,tower_041,0,1.41
floor_0410,410,410,tower_078,0,1.41
floor_0411,411,411,tower_015,0,1.41
floor_0412,412,412,tower_052,0,1.41
floor_0413,413,413,tower_089,0,1.41
floor_0414,414,414,tower_026,0,1.41
floor_0415,415,415,tower_063,0,1.41
floor_0416,416,416,tower_100,0,1.42
floor_0417,417,417,tower_037,0,1.42
floor_0418,418,418,tower_074,0,1.42
floor_0419,419,419,tower_011,0,1.42
floor_0420,420,420,tower_048,0,1.42
floor_0421,421,421,tower_085,0,1.42
floor_0422,422,422,tower_022,0,1.42
floor_0423,423,423,tower_059,0,1.42
floor_0424,424,424,tower_096,0,1.42
floor_0425,425,425,tower_033,0,1.42
floor_0426,426,426,tower_070,0,1.43
floor_0427,427,427,tower_007,0,1.43
floor_0428,428,428,tower_044,0,1.43
floor_0429,429,429,tower_081,0,1.43
floor_0430,430,430,tower_018,0,1.43
floor_0431,431,431,tower_055,0,1.43
floor_0432,432,432,tower_092,0,1.43
floor_0433,433,433,tower_029,0,1.43
floor_0434,434,434,tower_066,0,1.43
floor_0435,435,435,tower_003,0,1.43
floor_0436,436,436,tower_040,0,1.44
floor_0437,437,437,tower_077,0,1.44
floor_0438,438,438,tower_014,0,1.44
floor_0439,439,439,tower_051,0,1.44
floor_0440,440,440,tower_088,0,1.44
floor_0441,441,441,tower_025,0,1.44
floor_0442,442,442,tower_062,0,1.44
floor_0443,443,443,tower_099,0,1.44
floor_0444,444,444,tower_036,0,1.44
floor_0445,445,445,tower_073,0,1.44
floor_0446,446,446,tower_010,0,1.45
floor_0447,447,447,tower_047,0,1.45
floor_0448,448,448,tower_084,0,1.45
floor_0449,449,449,tower_021,0,1.45
floor_0450,450,450,tower_058,0,1.45
floor_0451,451,451,tower_095,0,1.45
floor_0452,452,452,tower_032,0,1.45
floor_0453,453,453,tower_069,0,1.45
floor_0454,454,454,tower_006,0,1.45
floor_0455,455,455,tower_043,0,1.45
floor_0456,456,456,tower_080,0,1.46
floor_0457,457,457,tower_017,0,1.46
floor_0458,458,458,tower_054,0,1.46
floor_0459,459,459,tower_091,0,1.46
floor_0460,460,460,tower_028,0,1.46
floor_0461,461,461,tower_065,0,1.46
floor_0462,462,462,tower_002,0,1.46
floor_0463,463,463,tower_039,0,1.46
floor_0464,464,464,tower_076,0,1.46
floor_0465,465,465,tower_013,0,1.46
floor_0466,466,466,tower_050,0,1.47
floor_0467,467,467,tower_087,0,1.47
floor_0468,468,468,tower_024,0,1.47
floor_0469,469,469,tower_061,0,1.47
floor_0470,470,470,tower_098,0,1.47
floor_0471,471,471,tower_035,0,1.47
floor_0472,472,472,tower_072,0,1.47
floor_0473,473,473,tower_009,0,1.47
floor_0474,474,474,tower_046,0,1.47
floor_0475,475,475,tower_083,0,1.47
floor_0476,476,476,tower_020,0,1.48
floor_0477,477,477,tower_057,0,1.48
floor_0478,478,478,tower_094,0,1.48
floor_0479,479,479,tower_031,0,1.48
floor_0480,480,480,tower_068,0,1.48
floor_0481,481,481,tower_005,0,1.48
floor_0482,482,482,tower_042,0,1.48
floor_0483,483,483,tower_079,0,1.48
floor_0484,484,484,tower_016,0,1.48
floor_0485,485,485,tower_053,0,1.48
floor_0486,486,486,tower_090,0,1.49
floor_0487,487,487,tower_027,0,1.49
floor_0488,488,488,tower_064,0,1.49
floor_0489,489,489,tower_001,0,1.49
floor_0490,490,490,tower_038,0,1.49
floor_0491,491,491,tower_075,0,1.49
floor_0492,492,492,tower_012,0,1.49
floor_0493,493,493,tower_049,0,1.49
floor_0494,494,494,tower_086,0,1.49
floor_0495,495,495,tower_023,0,1.49
floor_0496,496,496,tower_060,0,1.50
floor_0497,497,497,tower_097,0,1.50
floor_0498,498,498,tower_034,0,1.50
floor_0499,499,499,tower_071,0,1.50
floor_0500,500,500,tower_008,0,1.50
floor_0501,501,501,tower_056,0,1.50
floor_0502,502,502,tower_093,0,1.50
floor_0503,503,503,tower_030,0,1.50
floor_0504,504,504,tower_067,0,1.50
floor_0505,505,505,tower_004,0,1.50
floor_0506,506,506,tower_041,0,1.51
floor_0507,507,507,tower_078,0,1.51
floor_0508,508,508,tower_015,0,1.51
floor_0509,509,509,tower_052,0,1.51
floor_0510,510,510,tower_089,0,1.51
floor_0511,511,511,tower_026,0,1.51
floor_0512,512,512,tower_063,0,1.51
floor_0513,513,513,tower_100,0,1.51
floor_0514,514,514,tower_037,0,1.51
floor_0515,515,515,tower_074,0,1.51
floor_0516,516,516,tower_011,0,1.52
floor_0517,517,517,tower_048,0,1.52
floor_0518,518,518,tower_085,0,1.52
floor_0519,519,519,tower_022,0,1.52
floor_0520,520,520,tower_059,0,1.52
floor_0521,521,521,tower_096,0,1.52
floor_0522,522,522,tower_033,0,1.52
floor_0523,523,523,tower_070,0,1.52
floor_0524,524,524,tower_007,0,1.52
floor_0525,525,525,tower_044,0,1.52
floor_0526,526,526,tower_081,0,1.53
floor_0527,527,527,tower_018,0,1.53
floor_0528,528,528,tower_055,0,1.53
floor_0529,529,529,tower_092,0,1.53
floor_0530,530,530,tower_029,0,1.53
floor_0531,531,531,tower_066,0,1.53
floor_0532,532,532,tower_003,0,1.53
floor_0533,533,533,tower_040,0,1.53
floor_0534,534,534,tower_077,0,1.53
floor_0535,535,535,tower_014,0,1.53
floor_0536,536,536,tower_051,0,1.54
floor_0537,537,537,tower_088,0,1.54
floor_0538,538,538,tower_025,0,1.54
floor_0539,539,539,tower_062,0,1.54
floor_0540,540,540,tower_099,0,1.54
floor_0541,541,541,tower_036,0,1.54
floor_0542,542,542,tower_073,0,1.54
floor_0543,543,543,tower_010,0,1.54
floor_0544,544,544,tower_047,0,1.54
floor_0545,545,545,tower_084,0,1.54
floor_0546,546,546,tower_021,0,1.55
floor_0547,547,547,tower_058,0,1.55
floor_0548,548,548,tower_095,0,1.55
floor_0549,549,549,tower_032,0,1.55
floor_0550,550,550,tower_069,0,1.55
floor_0551,551,551,tower_006,0,1.55
floor_0552,552,552,tower_043,0,1.55
floor_0553,553,553,tower_080,0,1.55
floor_0554,554,554,tower_017,0,1.55
floor_0555,555,555,tower_054,0,1.55
floor_0556,556,556,tower_091,0,1.56
floor_0557,557,557,tower_028,0,1.56
floor_0558,558,558,tower_065,0,1.56
floor_0559,559,559,tower_002,0,1.56
floor_0560,560,560,tower_039,0,1.56
floor_0561,561,561,tower_076,0,1.56
floor_0562,562,562,tower_013,0,1.56
floor_0563,563,563,tower_050,0,1.56
floor_0564,564,564,tower_087,0,1.56
floor_0565,565,565,tower_024,0,1.56
floor_0566,566,566,tower_061,0,1.57
floor_0567,567,567,tower_098,0,1.57
floor_0568,568,568,tower_035,0,1.57
floor_0569,569,569,tower_072,0,1.57
floor_0570,570,570,tower_009,0,1.57
floor_0571,571,571,tower_046,0,1.57
floor_0572,572,572,tower_083,0,1.57
floor_0573,573,573,tower_020,0,1.57
floor_0574,574,574,tower_057,0,1.57
floor_0575,575,575,tower_094,0,1.57
floor_0576,576,576,tower_031,0,1.58
floor_0577,577,577,tower_068,0,1.58
floor_0578,578,578,tower_005,0,1.58
floor_0579,579,579,tower_042,0,1.58
floor_0580,580,580,tower_079,0,1.58
floor_0581,581,581,tower_016,0,1.58
floor_0582,582,582,tower_053,0,1.58
floor_0583,583,583,tower_090,0,1.58
floor_0584,584,584,tower_027,0,1.58
floor_0585,585,585,tower_064,0,1.58
floor_0586,586,586,tower_001,0,1.59
floor_0587,587,587,tower_038,0,1.59
floor_0588,588,588,tower_075,0,1.59
floor_0589,589,589,tower_012,0,1.59
floor_0590,590,590,tower_049,0,1.59
floor_0591,591,591,tower_086,0,1.59
floor_0592,592,592,tower_023,0,1.59
floor_0593,593,593,tower_060,0,1.59
floor_0594,594,594,tower_097,0,1.59
floor_0595,595,595,tower_034,0,1.59
floor_0596,596,596,tower_071,0,1.60
floor_0597,597,597,tower_008,0,1.60
floor_0598,598,598,tower_045,0,1.60
floor_0599,599,599,tower_082,0,1.60
floor_0600,600,600,tower_019,0,1.60
floor_0601,601,601,tower_067,0,1.60
floor_0602,602,602,tower_004,0,1.60
floor_0603,603,603,tower_041,0,1.60
floor_0604,604,604,tower_078,0,1.60
floor_0605,605,605,tower_015,0,1.60
floor_0606,606,606,tower_052,0,1.61
floor_0607,607,607,tower_089,0,1.61
floor_0608,608,608,tower_026,0,1.61
floor_0609,609,609,tower_063,0,1.61
floor_0610,610,610,tower_100,0,1.61
floor_0611,611,611,tower_037,0,1.61
floor_0612,612,612,tower_074,0,1.61
floor_0613,613,613,tower_011,0,1.61
floor_0614,614,614,tower_048,0,1.61
floor_0615,615,615,tower_085,0,1.61
floor_0616,616,616,tower_022,0,1.62
floor_0617,617,617,tower_059,0,1.62
floor_0618,618,618,tower_096,0,1.62
floor_0619,619,619,tower_033,0,1.62
floor_0620,620,620,tower_070,0,1.62
floor_0621,621,621,tower_007,0,1.62
floor_0622,622,622,tower_044,0,1.62
floor_0623,623,623,tower_081,0,1.62
floor_0624,624,624,tower_018,0,1.62
floor_0625,625,625,tower_055,0,1.62
floor_0626,626,626,tower_092,0,1.63
floor_0627,627,627,tower_029,0,1.63
floor_0628,628,628,tower_066,0,1.63
floor_0629,629,629,tower_003,0,1.63
floor_0630,630,630,tower_040,0,1.63
floor_0631,631,631,tower_077,0,1.63
floor_0632,632,632,tower_014,0,1.63
floor_0633,633,633,tower_051,0,1.63
floor_0634,634,634,tower_088,0,1.63
floor_0635,635,635,tower_025,0,1.63
floor_0636,636,636,tower_062,0,1.64
floor_0637,637,637,tower_099,0,1.64
floor_0638,638,638,tower_036,0,1.64
floor_0639,639,639,tower_073,0,1.64
floor_0640,640,640,tower_010,0,1.64
floor_0641,641,641,tower_047,0,1.64
floor_0642,642,642,tower_084,0,1.64
floor_0643,643,643,tower_021,0,1.64
floor_0644,644,644,tower_058,0,1.64
floor_0645,645,645,tower_095,0,1.64
floor_0646,646,646,tower_032,0,1.65
floor_0647,647,647,tower_069,0,1.65
floor_0648,648,648,tower_006,0,1.65
floor_0649,649,649,tower_043,0,1.65
floor_0650,650,650,tower_080,0,1.65
floor_0651,651,651,tower_017,0,1.65
floor_0652,652,652,tower_054,0,1.65
floor_0653,653,653,tower_091,0,1.65
floor_0654,654,654,tower_028,0,1.65
floor_0655,655,655,tower_065,0,1.65
floor_0656,656,656,tower_002,0,1.66
floor_0657,657,657,tower_039,0,1.66
floor_0658,658,658,tower_076,0,1.66
floor_0659,659,659,tower_013,0,1.66
floor_0660,660,660,tower_050,0,1.66
floor_0661,661,661,tower_087,0,1.66
floor_0662,662,662,tower_024,0,1.66
floor_0663,663,663,tower_061,0,1.66
floor_0664,664,664,tower_098,0,1.66
floor_0665,665,665,tower_035,0,1.66
floor_0666,666,666,tower_072,0,1.67
floor_0667,667,667,tower_009,0,1.67
floor_0668,668,668,tower_046,0,1.67
floor_0669,669,669,tower_083,0,1.67
floor_0670,670,670,tower_020,0,1.67
floor_0671,671,671,tower_057,0,1.67
floor_0672,672,672,tower_094,0,1.67
floor_0673,673,673,tower_031,0,1.67
floor_0674,674,674,tower_068,0,1.67
floor_0675,675,675,tower_005,0,1.67
floor_0676,676,676,tower_042,0,1.68
floor_0677,677,677,tower_079,0,1.68
floor_0678,678,678,tower_016,0,1.68
floor_0679,679,679,tower_053,0,1.68
floor_0680,680,680,tower_090,0,1.68
floor_0681,681,681,tower_027,0,1.68
floor_0682,682,682,tower_064,0,1.68
floor_0683,683,683,tower_001,0,1.68
floor_0684,684,684,tower_038,0,1.68
floor_0685,685,685,tower_075,0,1.68
floor_0686,686,686,tower_012,0,1.69
floor_0687,687,687,tower_049,0,1.69
floor_0688,688,688,tower_086,0,1.69
floor_0689,689,689,tower_023,0,1.69
floor_0690,690,690,tower_060,0,1.69
floor_0691,691,691,tower_097,0,1.69
floor_0692,692,692,tower_034,0,1.69
floor_0693,693,693,tower_071,0,1.69
floor_0694,694,694,tower_008,0,1.69
floor_0695,695,695,tower_045,0,1.69
floor_0696,696,696,tower_082,0,1.70
floor_0697,697,697,tower_019,0,1.70
floor_0698,698,698,tower_056,0,1.70
floor_0699,699,699,tower_093,0,1.70
floor_0700,700,700,tower_030,0,1.70
floor_0701,701,701,tower_078,0,1.70
floor_0702,702,702,tower_015,0,1.70
floor_0703,703,703,tower_052,0,1.70
floor_0704,704,704,tower_089,0,1.70
floor_0705,705,705,tower_026,0,1.70
floor_0706,706,706,tower_063,0,1.71
floor_0707,707,707,tower_100,0,1.71
floor_0708,708,708,tower_037,0,1.71
floor_0709,709,709,tower_074,0,1.71
floor_0710,710,710,tower_011,0,1.71
floor_0711,711,711,tower_048,0,1.71
floor_0712,712,712,tower_085,0,1.71
floor_0713,713,713,tower_022,0,1.71
floor_0714,714,714,tower_059,0,1.71
floor_0715,715,715,tower_096,0,1.71
floor_0716,716,716,tower_033,0,1.72
floor_0717,717,717,tower_070,0,1.72
floor_0718,718,718,tower_007,0,1.72
floor_0719,719,719,tower_044,0,1.72
floor_0720,720,720,tower_081,0,1.72
floor_0721,721,721,tower_018,0,1.72
floor_0722,722,722,tower_055,0,1.72
floor_0723,723,723,tower_092,0,1.72
floor_0724,724,724,tower_029,0,1.72
floor_0725,725,725,tower_066,0,1.72
floor_0726,726,726,tower_003,0,1.73
floor_0727,727,727,tower_040,0,1.73
floor_0728,728,728,tower_077,0,1.73
floor_0729,729,729,tower_014,0,1.73
floor_0730,730,730,tower_051,0,1.73
floor_0731,731,731,tower_088,0,1.73
floor_0732,732,732,tower_025,0,1.73
floor_0733,733,733,tower_062,0,1.73
floor_0734,734,734,tower_099,0,1.73
floor_0735,735,735,tower_036,0,1.73
floor_0736,736,736,tower_073,0,1.74
floor_0737,737,737,tower_010,0,1.74
floor_0738,738,738,tower_047,0,1.74
floor_0739,739,739,tower_084,0,1.74
floor_0740,740,740,tower_021,0,1.74
floor_0741,741,741,tower_058,0,1.74
floor_0742,742,742,tower_095,0,1.74
floor_0743,743,743,tower_032,0,1.74
floor_0744,744,744,tower_069,0,1.74
floor_0745,745,745,tower_006,0,1.74
floor_0746,746,746,tower_043,0,1.75
floor_0747,747,747,tower_080,0,1.75
floor_0748,748,748,tower_017,0,1.75
floor_0749,749,749,tower_054,0,1.75
floor_0750,750,750,tower_091,0,1.75
floor_0751,751,751,tower_028,0,1.75
floor_0752,752,752,tower_065,0,1.75
floor_0753,753,753,tower_002,0,1.75
floor_0754,754,754,tower_039,0,1.75
floor_0755,755,755,tower_076,0,1.75
floor_0756,756,756,tower_013,0,1.76
floor_0757,757,757,tower_050,0,1.76
floor_0758,758,758,tower_087,0,1.76
floor_0759,759,759,tower_024,0,1.76
floor_0760,760,760,tower_061,0,1.76
floor_0761,761,761,tower_098,0,1.76
floor_0762,762,762,tower_035,0,1.76
floor_0763,763,763,tower_072,0,1.76
floor_0764,764,764,tower_009,0,1.76
floor_0765,765,765,tower_046,0,1.76
floor_0766,766,766,tower_083,0,1.77
floor_0767,767,767,tower_020,0,1.77
floor_0768,768,768,tower_057,0,1.77
floor_0769,769,769,tower_094,0,1.77
floor_0770,770,770,tower_031,0,1.77
floor_0771,771,771,tower_068,0,1.77
floor_0772,772,772,tower_005,0,1.77
floor_0773,773,773,tower_042,0,1.77
floor_0774,774,774,tower_079,0,1.77
floor_0775,775,775,tower_016,0,1.77
floor_0776,776,776,tower_053,0,1.78
floor_0777,777,777,tower_090,0,1.78
floor_0778,778,778,tower_027,0,1.78
floor_0779,779,779,tower_064,0,1.78
floor_0780,780,780,tower_001,0,1.78
floor_0781,781,781,tower_038,0,1.78
floor_0782,782,782,tower_075,0,1.78
floor_0783,783,783,tower_012,0,1.78
floor_0784,784,784,tower_049,0,1.78
floor_0785,785,785,tower_086,0,1.78
floor_0786,786,786,tower_023,0,1.79
floor_0787,787,787,tower_060,0,1.79
floor_0788,788,788,tower_097,0,1.79
floor_0789,789,789,tower_034,0,1.79
floor_0790,790,790,tower_071,0,1.79
floor_0791,791,791,tower_008,0,1.79
floor_0792,792,792,tower_045,0,1.79
floor_0793,793,793,tower_082,0,1.79
floor_0794,794,794,tower_019,0,1.79
floor_0795,795,795,tower_056,0,1.79
floor_0796,796,796,tower_093,0,1.80
floor_0797,797,797,tower_030,0,1.80
floor_0798,798,798,tower_067,0,1.80
floor_0799,799,799,tower_004,0,1.80
floor_0800,800,800,tower_041,0,1.80
floor_0801,801,801,tower_089,0,1.80
floor_0802,802,802,tower_026,0,1.80
floor_0803,803,803,tower_063,0,1.80
floor_0804,804,804,tower_100,0,1.80
floor_0805,805,805,tower_037,0,1.80
floor_0806,806,806,tower_074,0,1.81
floor_0807,807,807,tower_011,0,1.81
floor_0808,808,808,tower_048,0,1.81
floor_0809,809,809,tower_085,0,1.81
floor_0810,810,810,tower_022,0,1.81
floor_0811,811,811,tower_059,0,1.81
floor_0812,812,812,tower_096,0,1.81
floor_0813,813,813,tower_033,0,1.81
floor_0814,814,814,tower_070,0,1.81
floor_0815,815,815,tower_007,0,1.81
floor_0816,816,816,tower_044,0,1.82
floor_0817,817,817,tower_081,0,1.82
floor_0818,818,818,tower_018,0,1.82
floor_0819,819,819,tower_055,0,1.82
floor_0820,820,820,tower_092,0,1.82
floor_0821,821,821,tower_029,0,1.82
floor_0822,822,822,tower_066,0,1.82
floor_0823,823,823,tower_003,0,1.82
floor_0824,824,824,tower_040,0,1.82
floor_0825,825,825,tower_077,0,1.82
floor_0826,826,826,tower_014,0,1.83
floor_0827,827,827,tower_051,0,1.83
floor_0828,828,828,tower_088,0,1.83
floor_0829,829,829,tower_025,0,1.83
floor_0830,830,830,tower_062,0,1.83
floor_0831,831,831,tower_099,0,1.83
floor_0832,832,832,tower_036,0,1.83
floor_0833,833,833,tower_073,0,1.83
floor_0834,834,834,tower_010,0,1.83
floor_0835,835,835,tower_047,0,1.83
floor_0836,836,836,tower_084,0,1.84
floor_0837,837,837,tower_021,0,1.84
floor_0838,838,838,tower_058,0,1.84
floor_0839,839,839,tower_095,0,1.84
floor_0840,840,840,tower_032,0,1.84
floor_0841,841,841,tower_069,0,1.84
floor_0842,842,842,tower_006,0,1.84
floor_0843,843,843,tower_043,0,1.84
floor_0844,844,844,tower_080,0,1.84
floor_0845,845,845,tower_017,0,1.84
floor_0846,846,846,tower_054,0,1.85
floor_0847,847,847,tower_091,0,1.85
floor_0848,848,848,tower_028,0,1.85
floor_0849,849,849,tower_065,0,1.85
floor_0850,850,850,tower_002,0,1.85
floor_0851,851,851,tower_039,0,1.85
floor_0852,852,852,tower_076,0,1.85
floor_0853,853,853,tower_013,0,1.85
floor_0854,854,854,tower_050,0,1.85
floor_0855,855,855,tower_087,0,1.85
floor_0856,856,856,tower_024,0,1.86
floor_0857,857,857,tower_061,0,1.86
floor_0858,858,858,tower_098,0,1.86
floor_0859,859,859,tower_035,0,1.86
floor_0860,860,860,tower_072,0,1.86
floor_0861,861,861,tower_009,0,1.86
floor_0862,862,862,tower_046,0,1.86
floor_0863,863,863,tower_083,0,1.86
floor_0864,864,864,tower_020,0,1.86
floor_0865,865,865,tower_057,0,1.86
floor_0866,866,866,tower_094,0,1.87
floor_0867,867,867,tower_031,0,1.87
floor_0868,868,868,tower_068,0,1.87
floor_0869,869,869,tower_005,0,1.87
floor_0870,870,870,tower_042,0,1.87
floor_0871,871,871,tower_079,0,1.87
floor_0872,872,872,tower_016,0,1.87
floor_0873,873,873,tower_053,0,1.87
floor_0874,874,874,tower_090,0,1.87
floor_0875,875,875,tower_027,0,1.87
floor_0876,876,876,tower_064,0,1.88
floor_0877,877,877,tower_001,0,1.88
floor_0878,878,878,tower_038,0,1.88
floor_0879,879,879,tower_075,0,1.88
floor_0880,880,880,tower_012,0,1.88
floor_0881,881,881,tower_049,0,1.88
floor_0882,882,882,tower_086,0,1.88
floor_0883,883,883,tower_023,0,1.88
floor_0884,884,884,tower_060,0,1.88
floor_0885,885,885,tower_097,0,1.88
floor_0886,886,886,tower_034,0,1.89
floor_0887,887,887,tower_071,0,1.89
floor_0888,888,888,tower_008,0,1.89
floor_0889,889,889,tower_045,0,1.89
floor_0890,890,890,tower_082,0,1.89
floor_0891,891,891,tower_019,0,1.89
floor_0892,892,892,tower_056,0,1.89
floor_0893,893,893,tower_093,0,1.89
floor_0894,894,894,tower_030,0,1.89
floor_0895,895,895,tower_067,0,1.89
floor_0896,896,896,tower_004,0,1.90
floor_0897,897,897,tower_041,0,1.90
floor_0898,898,898,tower_078,0,1.90
floor_0899,899,899,tower_015,0,1.90
floor_0900,900,900,tower_052,0,1.90
floor_0901,901,901,tower_100,0,1.90
floor_0902,902,902,tower_037,0,1.90
floor_0903,903,903,tower_074,0,1.90
floor_0904,904,904,tower_011,0,1.90
floor_0905,905,905,tower_048,0,1.90
floor_0906,906,906,tower_085,0,1.91
floor_0907,907,907,tower_022,0,1.91
floor_0908,908,908,tower_059,0,1.91
floor_0909,909,909,tower_096,0,1.91
floor_0910,910,910,tower_033,0,1.91
floor_0911,911,911,tower_070,0,1.91
floor_0912,912,912,tower_007,0,1.91
floor_0913,913,913,tower_044,0,1.91
floor_0914,914,914,tower_081,0,1.91
floor_0915,915,915,tower_018,0,1.91
floor_0916,916,916,tower_055,0,1.92
floor_0917,917,917,tower_092,0,1.92
floor_0918,918,918,tower_029,0,1.92
floor_0919,919,919,tower_066,0,1.92
floor_0920,920,920,tower_003,0,1.92
floor_0921,921,921,tower_040,0,1.92
floor_0922,922,922,tower_077,0,1.92
floor_0923,923,923,tower_014,0,1.92
floor_0924,924,924,tower_051,0,1.92
floor_0925,925,925,tower_088,0,1.92
floor_0926,926,926,tower_025,0,1.93
floor_0927,927,927,tower_062,0,1.93
floor_0928,928,928,tower_099,0,1.93
floor_0929,929,929,tower_036,0,1.93
floor_0930,930,930,tower_073,0,1.93
floor_0931,931,931,tower_010,0,1.93
floor_0932,932,932,tower_047,0,1.93
floor_0933,933,933,tower_084,0,1.93
floor_0934,934,934,tower_021,0,1.93
floor_0935,935,935,tower_058,0,1.93
floor_0936,936,936,tower_095,0,1.94
floor_0937,937,937,tower_032,0,1.94
floor_0938,938,938,tower_069,0,1.94
floor_0939,939,939,tower_006,0,1.94
floor_0940,940,940,tower_043,0,1.94
floor_0941,941,941,tower_080,0,1.94
floor_0942,942,942,tower_017,0,1.94
floor_0943,943,943,tower_054,0,1.94
floor_0944,944,944,tower_091,0,1.94
floor_0945,945,945,tower_028,0,1.94
floor_0946,946,946,tower_065,0,1.95
floor_0947,947,947,tower_002,0,1.95
floor_0948,948,948,tower_039,0,1.95
floor_0949,949,949,tower_076,0,1.95
floor_0950,950,950,tower_013,0,1.95
floor_0951,951,951,tower_050,0,1.95
floor_0952,952,952,tower_087,0,1.95
floor_0953,953,953,tower_024,0,1.95
floor_0954,954,954,tower_061,0,1.95
floor_0955,955,955,tower_098,0,1.95
floor_0956,956,956,tower_035,0,1.96
floor_0957,957,957,tower_072,0,1.96
floor_0958,958,958,tower_009,0,1.96
floor_0959,959,959,tower_046,0,1.96
floor_0960,960,960,tower_083,0,1.96
floor_0961,961,961,tower_020,0,1.96
floor_0962,962,962,tower_057,0,1.96
floor_0963,963,963,tower_094,0,1.96
floor_0964,964,964,tower_031,0,1.96
floor_0965,965,965,tower_068,0,1.96
floor_0966,966,966,tower_005,0,1.97
floor_0967,967,967,tower_042,0,1.97
floor_0968,968,968,tower_079,0,1.97
floor_0969,969,969,tower_016,0,1.97
floor_0970,970,970,tower_053,0,1.97
floor_0971,971,971,tower_090,0,1.97
floor_0972,972,972,tower_027,0,1.97
floor_0973,973,973,tower_064,0,1.97
floor_0974,974,974,tower_001,0,1.97
floor_0975,975,975,tower_038,0,1.97
floor_0976,976,976,tower_075,0,1.98
floor_0977,977,977,tower_012,0,1.98
floor_0978,978,978,tower_049,0,1.98
floor_0979,979,979,tower_086,0,1.98
floor_0980,980,980,tower_023,0,1.98
floor_0981,981,981,tower_060,0,1.98
floor_0982,982,982,tower_097,0,1.98
floor_0983,983,983,tower_034,0,1.98
floor_0984,984,984,tower_071,0,1.98
floor_0985,985,985,tower_008,0,1.98
floor_0986,986,986,tower_045,0,1.99
floor_0987,987,987,tower_082,0,1.99
floor_0988,988,988,tower_019,0,1.99
floor_0989,989,989,tower_056,0,1.99
floor_0990,990,990,tower_093,0,1.99
floor_0991,991,991,tower_030,0,1.99
floor_0992,992,992,tower_067,0,1.99
floor_0993,993,993,tower_004,0,1.99
floor_0994,994,994,tower_041,0,1.99
floor_0995,995,995,tower_078,0,1.99
floor_0996,996,996,tower_015,0,2.00
floor_0997,997,997,tower_052,0,2.00
floor_0998,998,998,tower_089,0,2.00
floor_0999,999,999,tower_026,0,2.00
floor_1000,1000,1000,tower_063,0,2.00
